{"cameraMode":{"drawMode":0,"name":"Shaded","section":"Shading Mode"},"sceneLighting":false,"audioPlay":false,"sceneViewState":{"showFog":true,"showMaterialUpdate":false,"showSkybox":true,"showFlares":true,"showImageEffects":true,"showParticleSystems":true},"in2DMode":false,"pivot":{"x":46.90458297729492,"y":20.351810455322267,"z":154.7233123779297},"rotation":{"x":-0.07957655191421509,"y":0.9049071669578552,"z":-0.19458666443824769,"w":-0.3700629770755768},"size":7.213357925415039,"orthographic":false}