{"cameraMode":{"drawMode":0,"name":"Shaded","section":"Shading Mode"},"sceneLighting":false,"audioPlay":false,"sceneViewState":{"showFog":true,"showMaterialUpdate":false,"showSkybox":true,"showFlares":true,"showImageEffects":true,"showParticleSystems":true},"in2DMode":false,"pivot":{"x":187.1109161376953,"y":0.809862494468689,"z":85.44537353515625},"rotation":{"x":-0.07957655191421509,"y":0.9049071669578552,"z":-0.19458666443824769,"w":-0.3700629770755768},"size":3.3922150135040285,"orthographic":false}