{"cameraMode":{"drawMode":0,"name":"Shaded","section":"Shading Mode"},"sceneLighting":false,"audioPlay":false,"sceneViewState":{"showFog":true,"showMaterialUpdate":false,"showSkybox":true,"showFlares":true,"showImageEffects":true,"showParticleSystems":true},"in2DMode":false,"pivot":{"x":245.87167358398438,"y":3.0384769439697267,"z":166.88233947753907},"rotation":{"x":-0.07957655191421509,"y":0.9049071669578552,"z":-0.19458666443824769,"w":-0.3700629770755768},"size":4.3621134757995609,"orthographic":false}